decision,tier,edge,way,class,name,creek,culvertWay,culvertName,culvertFromCrossingM,culvertFromRibbonM,culvertAlongRoadM,latlon,reason
CULVERT,T1,156,16661108,motorway_link,"","Irwin Creek",746628756,"Irwin Creek",4.9,-4.0,10.0,35.23968 -80.85231,""
CULVERT,T1,163,16661158,trunk_link,"","Taggart Creek",765236944,"Taggart Creek",0.7,-3.7,0.7,35.19441 -80.91612,""
CULVERT,T1,208,16661660,motorway_link,"","Doby Creek",700407552,"Doby Creek",6.0,-4.0,-6.2,35.31276 -80.75996,""
CULVERT,T1,232,16661885,trunk_link,"","Taggart Creek",480798110,"Taggart Creek",4.2,-3.7,4.5,35.21931 -80.92388,""
CULVERT,T1,243,16661963,motorway_link,"","Irwin Creek",626688943,"Irwin Creek",0.4,-4.0,0.4,35.22310 -80.86894,""
CULVERT,T1,252,16662027,motorway_link,"","Irwin Creek",673113793,"Irwin Creek",1.7,-4.0,-2.0,35.22624 -80.86572,""
CULVERT,T1,252,16662027,motorway_link,"","Irwin Creek",673113793,"Irwin Creek",2.1,-4.0,2.2,35.22648 -80.86415,""
CULVERT,T1,253,16662028,motorway_link,"","Irwin Creek",1074515263,"Irwin Creek",1.9,-4.0,-2.8,35.22893 -80.85981,""
CULVERT,T1,260,16662053,motorway_link,"","McAlpine Creek Tributary 1",527708696,"",1.7,-4.0,-1.8,35.06236 -80.84595,""
CULVERT,T1,261,16662054,motorway_link,"","McAlpine Creek Tributary 1",527708697,"",3.2,-5.9,4.7,35.06484 -80.85067,""
CULVERT,T1,277,16662132,trunk_link,"","Edwards Branch",47615007,"Edwards Branch",,,,35.20256 -80.78774,"on the same fill as the piped crossing of e2854 (within 25 m on the creek)"
CULVERT,T1,326,16662384,motorway_link,"","Kennedy Branch",264061172,"Kennedy Branch",1.4,-5.9,-2.1,35.26984 -80.84485,""
CULVERT,T1,329,16662396,motorway_link,"","Little Sugar Creek",552739187,"Little Sugar Creek",3.5,-5.9,9.9,35.22052 -80.83043,""
CULVERT,T1,335,16662431,motorway_link,"","Little Sugar Creek",552739189,"Little Sugar Creek",1.8,-5.9,2.2,35.22237 -80.82896,""
CULVERT,T1,354,16662521,trunk_link,"","Irvins Creek Tributary 1",703423448,"",1.2,-3.7,-1.3,35.12920 -80.70834,""
CULVERT,T1,372,16662608,motorway_link,"","Little Sugar Creek",552739184,"Little Sugar Creek",8.5,1.9,-10.3,35.22605 -80.82810,""
CULVERT,T1,402,16662772,trunk_link,"","Taggart Creek",480798115,"Taggart Creek",0.8,-3.7,1.3,35.19681 -80.92009,""
CULVERT,T1,520,16669691,motorway,"East Independence Expressway","Briar Creek",470946579,"Briar Creek",3.3,-8.6,-3.8,35.21069 -80.80103,""
CULVERT,T1,521,16669696,motorway_link,"","Little Sugar Creek",552739187,"Little Sugar Creek",7.0,-5.9,10.5,35.22089 -80.83015,""
CULVERT,T1,547,16671197,primary,"Wilkinson Boulevard","Irwin Creek",626688948,"Irwin Creek",0.1,-5.2,0.2,35.22356 -80.86889,""
CULVERT,T1,625,16679861,motorway,"I-485","Back Creek Tributary",1077189783,"",7.0,-8.6,-7.1,35.30252 -80.68625,""
CULVERT,T1,625,16679861,motorway,"I-485","Back Creek",391131051,"Back Creek",4.1,-8.6,-4.8,35.30795 -80.69826,""
CULVERT,T1,716,16689598,primary,"East Sugar Creek Road","Little Sugar Creek",432594394,"Little Sugar Creek",1.1,-8.8,1.1,35.25690 -80.79443,""
CULVERT,T1,778,16697769,primary,"Runnymede Lane","Briar Creek Tributary 1",1163119334,"",0.8,-8.8,-1.1,35.16676 -80.83655,""
CULVERT,T1,778,16697769,primary,"Runnymede Lane","Briar Creek",1163119331,"Briar Creek",4.9,-8.8,-5.3,35.16979 -80.83760,""
CULVERT,T1,898,16707903,primary,"East W T Harris Boulevard","Back Creek",1112747452,"Back Creek",11.8,-5.2,-11.8,35.28619 -80.72567,""
CULVERT,T1,953,16713799,motorway,"I-277","Little Sugar Creek",552739187,"Little Sugar Creek",7.0,-6.8,12.2,35.22115 -80.82995,""
CULVERT,T1,956,16713952,primary,"Piney Top Drive","Coffey Creek",1074273659,"Coffey Creek",4.1,-8.8,-4.3,35.19609 -80.94609,""
CULVERT,T1,1094,34546845,motorway,"I-485","Ticer Branch",705295579,"",10.2,-10.4,-12.1,35.23432 -80.97011,""
CULVERT,T1,1096,34547214,motorway,"I-485","Ticer Branch",705295579,"",1.1,-8.6,-1.1,35.23427 -80.97040,""
CULVERT,T1,1163,38572131,motorway_link,"","Paw Creek",705013084,"Paw Creek",4.6,-4.0,-4.7,35.24990 -80.97032,""
CULVERT,T1,1163,38572131,motorway_link,"","Paw Creek",42814393,"Paw Creek",4.8,-4.0,-5.5,35.25112 -80.96942,""
CULVERT,T1,1244,40153313,motorway,"Brookshire Freeway","Stewart Creek",47598532,"Stewart Creek",1.3,-6.8,-1.6,35.25382 -80.86508,""
CULVERT,T1,1428,51062954,primary,"Freedom Drive","Irwin Creek",836965986,"Irwin Creek",0.2,-3.3,0.3,35.22575 -80.86772,""
CULVERT,T1,1531,59546883,motorway_link,"","Paw Creek",705013083,"Paw Creek",2.8,-4.0,2.9,35.25200 -80.96796,""
CULVERT,T1,1564,62101626,primary,"Statesville Road","Long Creek",839701994,"Long Creek",1.6,-5.2,1.9,35.33394 -80.84284,""
CULVERT,T1,1618,62105091,motorway,"I-485","Long Creek Tributary 3",1073543894,"",12.5,-8.6,-14.6,35.30122 -80.95631,""
CULVERT,T1,1627,62106451,primary,"Wilkinson Boulevard","Paw Creek",42822980,"Paw Creek",3.7,-5.2,3.7,35.24023 -80.97466,""
CULVERT,T1,1665,65999608,motorway,"I-485","Back Creek Tributary",1077189783,"",0.7,-8.6,0.8,35.30225 -80.68646,""
CULVERT,T1,1704,66032176,motorway,"I-485","Stevens Creek",929278198,"Stevens Creek",2.2,-6.8,-3.1,35.14064 -80.63954,""
CULVERT,T1,1704,66032176,motorway,"I-485","Goose Creek",1272575669,"Goose Creek",3.4,-6.8,3.7,35.14160 -80.63731,""
CULVERT,T1,1742,66231895,motorway,"I-485","McKee Creek",1075589148,"McKee Creek",1.3,-8.6,-1.3,35.23280 -80.65433,""
CULVERT,T1,1781,66256392,primary,"Johnston Road","McAlpine Creek Tributary 1A",957381517,"",1.1,-5.2,-1.1,35.05945 -80.84858,""
CULVERT,T1,1781,66256392,primary,"Johnston Road","McAlpine Creek Tributary 1",527708696,"",3.1,-5.2,-3.1,35.06271 -80.84686,""
CULVERT,T1,1784,66256400,motorway_link,"","McAlpine Creek Tributary 1A",957381517,"",1.1,-5.9,-1.1,35.05942 -80.84849,""
CULVERT,T1,1821,90960652,motorway,"I-85","Irwin Creek",703982314,"Irwin Creek",0.0,-10.4,0.0,35.27431 -80.82611,""
CULVERT,T1,2001,116677869,trunk,"Albemarle Road","McAlpine Creek",435414033,"McAlpine Creek",1.5,-6.3,-1.5,35.20933 -80.70406,""
CULVERT,T1,2006,117463384,motorway,"I-77","Torrence Creek Tributary 2",840377990,"",0.7,-6.8,-0.7,35.41427 -80.85902,""
CULVERT,T1,2010,118016598,trunk,"Johnston Road","McAlpine Creek Tributary 1A",957381517,"",1.1,-10.0,1.1,35.05952 -80.84878,""
CULVERT,T1,2056,120649289,trunk_link,"","Taggart Creek",765236947,"Taggart Creek",0.6,-3.7,0.7,35.19578 -80.91914,""
CULVERT,T1,2121,120885465,motorway,"I-85","Rocky River Tributary",766583738,"",1.0,-14.1,-1.4,35.36181 -80.72061,""
CULVERT,T1,2135,122082589,motorway,"I-77","Kennedy Branch",264061172,"Kennedy Branch",8.8,-10.4,12.0,35.27060 -80.84538,""
CULVERT,T1,2145,122753229,motorway,"I-277","Little Sugar Creek",552739184,"Little Sugar Creek",9.3,-4.0,-14.9,35.22597 -80.82814,""
CULVERT,T1,2151,124423337,motorway,"I-485","McKee Creek",1075589148,"McKee Creek",1.7,-8.6,-1.9,35.23288 -80.65395,""
CULVERT,T1,2153,124423347,motorway,"I-485","Stony Creek",766583740,"Stony Creek",1.4,-12.2,-1.4,35.33782 -80.72516,""
CULVERT,T1,2154,124423351,motorway,"I-485","Kings Branch",672780955,"Kings Branch",1.0,-10.4,-1.0,35.10963 -80.89553,""
CULVERT,T1,2208,129834101,primary,"West W T Harris Boulevard","Dixon Branch",771524140,"Dixon Branch",4.9,-5.2,6.9,35.34875 -80.86235,""
CULVERT,T1,2210,129834102,primary,"West W T Harris Boulevard","Doby Creek Tributary",700407551,"",,,,35.31320 -80.76177,"on the same fill as the piped crossing of e3131 (within 25 m on the creek)"
CULVERT,T1,2332,159022535,motorway,"East Independence Expressway","Briar Creek",470946579,"Briar Creek",1.0,-8.6,1.1,35.21050 -80.80118,""
CULVERT,T1,2399,159072219,primary,"Freedom Drive","Stewart Creek",752346814,"Stewart Creek",0.9,-7.0,1.0,35.23071 -80.86902,""
CULVERT,T1,2406,159072226,primary,"Freedom Drive","Stewart Creek",752346814,"Stewart Creek",0.9,-7.0,-1.0,35.23052 -80.86903,""
CULVERT,T1,2423,159072322,motorway_link,"","Irwin Creek",1074515263,"Irwin Creek",3.0,-4.0,4.6,35.22861 -80.86057,""
CULVERT,T1,2424,159072327,trunk_link,"","Taggart Creek",765236944,"Taggart Creek",0.8,-3.7,-0.9,35.19443 -80.91633,""
CULVERT,T1,2452,172249750,motorway,"I-77","Dixon Branch Tributary",839701933,"",7.9,-10.4,-8.6,35.35385 -80.84514,""
CULVERT,T1,2455,172249753,motorway,"I-77","Dixon Branch Tributary",839701933,"",5.1,-10.4,5.5,35.35431 -80.84581,""
CULVERT,T1,2531,172283245,motorway,"I-85","Paw Creek",705013084,"Paw Creek",9.7,-10.4,9.7,35.24965 -80.97050,""
CULVERT,T1,2544,172283275,motorway_link,"","Ticer Branch",705295578,"Ticer Branch",0.4,-5.9,0.4,35.23651 -80.96821,""
CULVERT,T1,2549,172283281,motorway_link,"","Paw Creek",705295593,"Paw Creek",9.2,-7.7,9.9,35.24835 -80.97190,""
CULVERT,T1,2557,172283290,motorway_link,"","Ticer Branch",705295579,"",9.8,-7.7,-9.8,35.23423 -80.97068,""
CULVERT,T1,2593,172364153,primary,"South Tryon Street","Steele Creek",672578580,"Steele Creek",2.0,-5.2,2.0,35.11951 -80.95328,""
CULVERT,T1,2739,172467528,motorway,"I-77","Irwin Creek",1074515263,"Irwin Creek",3.5,-8.6,5.5,35.22859 -80.86063,""
CULVERT,T1,2741,172467536,motorway,"I-77","Irwin Creek",1074515263,"Irwin Creek",6.3,-10.4,-10.5,35.22842 -80.86103,""
CULVERT,T1,2801,172475665,motorway,"I-85","Stewart Creek",752338341,"Stewart Creek",8.1,-10.4,-8.5,35.26913 -80.86577,""
CULVERT,T1,2822,172478596,motorway_link,"","Kennedy Branch",264061172,"Kennedy Branch",11.2,-5.9,-13.4,35.27338 -80.84785,""
CULVERT,T1,2851,173329802,motorway_link,"","Irwin Creek",836965986,"Irwin Creek",0.0,-4.0,-0.0,35.22576 -80.86765,""
CULVERT,T1,2854,173800817,trunk_link,"","Edwards Branch",47615007,"Edwards Branch",5.8,-3.7,8.1,35.20267 -80.78792,""
CULVERT,T1,2857,173800831,trunk_link,"","Edwards Branch",855459386,"Edwards Branch",0.3,-3.7,-0.3,35.20136 -80.78541,""
CULVERT,T1,2859,173800853,trunk_link,"","Edwards Branch",470946576,"Edwards Branch",3.0,-3.7,3.3,35.20623 -80.79557,""
CULVERT,T1,2891,175522400,primary,"Freedom Drive","Paw Creek",593148910,"Paw Creek",1.3,-5.2,1.3,35.26015 -80.91676,""
CULVERT,T1,2912,175814285,motorway_link,"","Irwin Creek",746628756,"Irwin Creek",4.4,-4.0,-9.4,35.23921 -80.85238,""
CULVERT,T1,3051,199137522,motorway,"I-85","Irwin Creek",703982314,"Irwin Creek",0.0,-10.4,-0.0,35.27450 -80.82619,""
CULVERT,T1,3131,204788681,primary,"West W T Harris Boulevard","Doby Creek Tributary",700407551,"",8.8,-10.6,-8.9,35.31333 -80.76156,""
CULVERT,T1,3134,204788684,primary,"West W T Harris Boulevard","Doby Creek",700407552,"Doby Creek",6.9,-7.5,-5.7,35.31270 -80.76002,""
CULVERT,T1,3148,204788703,primary_link,"","Doby Creek Tributary",700407549,"",13.4,-1.3,-9.8,35.31357 -80.76390,""
CULVERT,T1,3157,204897692,primary,"East W T Harris Boulevard","Toby Creek",577304852,"Toby Creek",14.6,-2.5,-13.8,35.29645 -80.74391,""
CULVERT,T1,3210,205302777,trunk,"Albemarle Road","Campbell Creek",936436303,"Campbell Creek",3.1,-8.1,-3.1,35.20317 -80.74119,""
CULVERT,T1,3211,205302778,trunk,"Albemarle Road","Campbell Creek",936436303,"Campbell Creek",4.0,-8.1,4.0,35.20303 -80.74121,""
CULVERT,T1,3279,212225135,trunk,"Albemarle Road","McAlpine Creek",435414033,"McAlpine Creek",0.9,-6.3,0.9,35.20947 -80.70411,""
CULVERT,T1,3326,215630402,primary,"Pineville-Matthews Road","McMullen Creek",556162807,"McMullen Creek",0.9,-10.6,-1.3,35.08760 -80.85755,""
CULVERT,T1,3437,251575682,trunk,"East Independence Boulevard","Irvins Creek Tributary 1",703423448,"",0.1,-6.3,-0.2,35.12912 -80.70856,""
CULVERT,T1,3445,251575689,trunk,"East Independence Boulevard","Irvins Creek",1031030293,"Irvins Creek",0.1,-6.3,-0.1,35.14916 -80.72622,""
CULVERT,T1,3512,260697239,primary,"Steele Creek Road","Walker Branch Tributary",1077677696,"",0.1,-8.8,0.1,35.09741 -80.99172,""
CULVERT,T1,3542,264059853,motorway,"I-85","Stewart Creek Tributary 3",1073541533,"Stewart Creek Tributary 3",1.0,-10.4,-1.0,35.26808 -80.87002,""
CULVERT,T1,3542,264059853,motorway,"I-85","Stewart Creek",752338341,"Stewart Creek",13.8,-10.4,14.4,35.26892 -80.86585,""
CULVERT,T1,3614,272646335,primary,"Rock Hill-Pineville Road","McCullough Branch",672958791,"McCullough Branch",1.3,-5.2,-1.3,35.09053 -80.90686,""
CULVERT,T1,3642,280157066,motorway,"I-485","Clear Creek Tributary",41330388,"",4.5,-6.8,-4.7,35.20349 -80.63446,""
CULVERT,T1,3645,280157067,motorway,"I-485","North Fork Crooked Creek Tributary",1074922495,"",1.8,-6.8,-1.8,35.12227 -80.66143,""
CULVERT,T1,3651,282332965,primary_link,"","Taggart Creek",695504399,"Taggart Creek",0.6,-3.3,-0.7,35.22935 -80.91709,""
CULVERT,T1,4205,370659277,primary,"Freedom Drive","Paw Creek Tributary 1A",1084463842,"",0.2,-5.2,0.2,35.26689 -80.92996,""
CULVERT,T1,4599,449113972,primary,"Wilkinson Boulevard","Irwin Creek",626688948,"Irwin Creek",0.2,-7.0,0.3,35.22373 -80.86887,""
CULVERT,T1,4762,503765752,primary,"West Boulevard","Taggart Creek",480798100,"Taggart Creek",1.6,-8.8,1.6,35.20623 -80.92170,""
CULVERT,T1,4852,522832792,primary,"North Tryon Street","Stony Creek",1077441991,"Stony Creek",2.8,-8.8,2.8,35.33413 -80.72003,""
CULVERT,T1,4868,522832839,primary,"North Tryon Street","Stony Creek",1077441991,"Stony Creek",4.3,-5.2,-4.3,35.33399 -80.71991,""
CULVERT,T1,5218,562073125,motorway_link,"","Irwin Creek",746628756,"Irwin Creek",5.2,-5.9,9.2,35.23997 -80.85226,""
CULVERT,T1,5237,562077397,motorway_link,"","Clear Creek Tributary",41330388,"",7.4,-4.0,10.5,35.20368 -80.63361,""
CULVERT,T1,5538,593148904,primary,"Freedom Drive","Paw Creek",593148910,"Paw Creek",0.6,-5.2,0.6,35.26026 -80.91669,""
CULVERT,T1,5788,625003826,primary,"West Trade Street","Irwin Creek",714736501,"Irwin Creek",2.0,-12.5,2.1,35.23567 -80.85451,""
CULVERT,T1,6266,648297599,primary,"University City Boulevard","Toby Creek",577304854,"Toby Creek",1.7,-5.2,-1.9,35.29539 -80.74401,""
CULVERT,T1,6300,648297637,primary,"Providence Road","Briar Creek",1074592699,"Briar Creek",0.5,-5.2,0.5,35.18281 -80.82002,""
CULVERT,T1,6477,648860648,trunk,"Billy Graham Parkway","Taggart Creek",480798110,"Taggart Creek",4.7,-6.3,5.3,35.21937 -80.92379,""
CULVERT,T1,6478,648860652,trunk,"Billy Graham Parkway","Taggart Creek",480798110,"Taggart Creek",5.7,-6.3,-6.5,35.21950 -80.92360,""
CULVERT,T1,6608,648861047,motorway,"I-77","Irwin Creek",746628756,"Irwin Creek",4.5,-10.4,-7.1,35.23929 -80.85237,""
CULVERT,T1,6644,648861161,primary,"Carowinds Boulevard","Steele Creek",672892051,"Steele Creek",1.1,-7.0,1.5,35.10490 -80.95375,""
CULVERT,T1,6679,648895370,primary,"Wilkinson Boulevard","Taggart Creek",695504399,"Taggart Creek",0.6,-7.0,0.6,35.22928 -80.91714,""
CULVERT,T1,6745,648895497,motorway,"I-77","Irwin Creek",746628756,"Irwin Creek",4.8,-10.4,8.3,35.23964 -80.85232,""
CULVERT,T1,6750,648895502,trunk,"Brookshire Boulevard","Gum Branch",1073541558,"Gum Branch",0.8,-6.3,-1.0,35.29610 -80.91931,""
CULVERT,T1,6752,648895503,trunk,"Brookshire Boulevard","Gum Branch",1073541558,"Gum Branch",1.6,-6.3,1.9,35.29605 -80.91900,""
CULVERT,T1,6805,649725476,trunk,"East Independence Boulevard","Irvins Creek Tributary 1",703423448,"",0.8,-6.3,-0.9,35.12917 -80.70840,""
CULVERT,T1,7196,683304512,motorway_link,"","Clear Creek Tributary",1071263449,"",8.0,-4.0,8.0,35.20394 -80.63312,""
CULVERT,T1,7217,684409611,trunk,"East Independence Boulevard","Irvins Creek",1031030293,"Irvins Creek",0.3,-6.3,0.3,35.14922 -80.72604,""
CULVERT,T1,7323,700539715,motorway_link,"","McAlpine Creek Tributary 1",527708696,"",1.9,-5.9,-1.9,35.06241 -80.84607,""
CULVERT,T1,7324,700539720,motorway_link,"","McAlpine Creek Tributary 1",527708697,"",1.7,-7.7,-1.9,35.06555 -80.85121,""
CULVERT,T1,7471,736548238,primary,"North Tryon Street","Derita Branch",264072164,"",0.6,-5.2,-0.6,35.25215 -80.80981,""
CULVERT,T1,7713,749692363,primary,"Steele Creek Road","Blankmanship Branch",1030585161,"Blankmanship Branch",0.4,-8.8,0.4,35.07728 -80.98932,""
CULVERT,T1,8061,766583691,motorway_link,"","Stony Creek",766583693,"Stony Creek",5.5,-4.0,6.3,35.34399 -80.73219,""
CULVERT,T1,8079,766583709,motorway,"I-485","Stony Creek",766583740,"Stony Creek",0.6,-12.2,0.6,35.33798 -80.72476,""
CULVERT,T1,8462,836960216,motorway,"I-77","Irwin Creek",47624621,"Irwin Creek",1.6,-10.4,7.2,35.25181 -80.84428,""
CULVERT,T1,8616,837692027,motorway,"I-77","Irwin Creek",47624621,"Irwin Creek",2.1,-10.4,-9.3,35.25316 -80.84322,""
CULVERT,T1,8742,839701903,motorway,"I-77","Long Creek",839701944,"Long Creek",0.2,-8.6,0.2,35.34083 -80.84846,""
CULVERT,T1,8771,839701935,motorway,"I-77","Long Creek",839701944,"Long Creek",0.9,-8.6,-1.1,35.34113 -80.84895,""
CULVERT,T1,8829,840377877,motorway,"I-77","Torrence Creek Tributary 2",840377990,"",0.9,-8.6,0.9,35.41437 -80.85854,""
CULVERT,T1,8904,840377967,motorway,"I-77","Torrence Creek",673384688,"Torrence Creek",1.7,-12.2,2.4,35.39186 -80.85200,""
CULVERT,T1,8906,840377970,motorway,"I-77","Torrence Creek",673384688,"Torrence Creek",1.0,-14.1,-1.4,35.39174 -80.85159,""
CULVERT,T1,9018,857396689,motorway_link,"","Doby Creek",700407552,"Doby Creek",14.0,6.0,,35.31242 -80.76027,"on the same fill as the piped crossing of e14012 (within 25 m on the creek)"
CULVERT,T1,9461,929282121,motorway,"I-485","Goose Creek",1272575669,"Goose Creek",4.3,-6.8,-4.7,35.14189 -80.63735,""
CULVERT,T1,9461,929282121,motorway,"I-485","Stevens Creek",929278198,"Stevens Creek",0.7,-6.8,1.0,35.14074 -80.63999,""
CULVERT,T1,9637,992679572,motorway_link,"","McAlpine Creek Tributary 1A",527708699,"",3.2,-5.9,3.2,35.06545 -80.85230,""
CULVERT,T1,9643,992682468,primary,"University City Boulevard","Toby Creek",577304854,"Toby Creek",3.0,-3.3,1.3,35.29560 -80.74399,""
CULVERT,T1,9645,992682470,primary_link,"","Toby Creek",577304852,"Toby Creek",0.4,-3.3,0.4,35.29770 -80.74340,""
CULVERT,T1,9893,999036645,motorway,"I-485","Kings Branch",672780955,"Kings Branch",0.9,-10.4,0.9,35.10929 -80.89604,""
CULVERT,T1,9906,999048146,motorway,"I-85","Paw Creek",705013084,"Paw Creek",6.4,-10.4,-6.4,35.24982 -80.97038,""
CULVERT,T1,9929,999337220,motorway,"I-85","Stewart Creek Tributary 3",1073541533,"Stewart Creek Tributary 3",0.7,-12.2,0.7,35.26828 -80.87010,""
CULVERT,T1,10011,1000441281,motorway,"I-485","Back Creek",391131051,"Back Creek",0.4,-10.4,-0.5,35.30773 -80.69854,""
CULVERT,T1,10030,1001117091,motorway,"I-485","North Fork Crooked Creek Tributary",1074922495,"",0.1,-6.8,0.1,35.12212 -80.66116,""
CULVERT,T1,10053,1001374382,motorway,"I-485","Reedy Creek Tributary 1",41333996,"",2.1,-8.6,2.6,35.27175 -80.67102,""
CULVERT,T1,10126,1001729022,motorway,"I-485","Clear Creek Tributary",1431596950,"",7.4,-6.8,-12.9,35.20341 -80.63478,""
CULVERT,T1,10226,1007649931,primary,"Wilkinson Boulevard","Ticer Branch",1074232959,"Ticer Branch",4.7,-5.2,-4.7,35.23861 -80.96322,""
CULVERT,T1,10268,1008643410,primary,"Wilkinson Boulevard","Ticer Branch",1074232959,"Ticer Branch",6.7,-8.8,6.7,35.23843 -80.96328,""
CULVERT,T1,10279,1008792538,trunk,"Billy Graham Parkway","Taggart Creek",480798102,"Taggart Creek",2.7,-9.0,2.8,35.21560 -80.92321,""
CULVERT,T1,10315,1008825697,trunk,"Billy Graham Parkway","Taggart Creek",480798102,"Taggart Creek",2.0,-10.0,-3.0,35.21536 -80.92298,""
CULVERT,T1,10322,1008858797,trunk_link,"","Taggart Creek",480798112,"Taggart Creek",2.2,-5.6,-3.0,35.22150 -80.92231,""
CULVERT,T1,10385,1010522115,primary,"East W T Harris Boulevard","Back Creek",1112747452,"Back Creek",11.0,0.1,5.7,35.28631 -80.72550,""
CULVERT,T1,10426,1012799822,trunk,"East Independence Expressway","Edwards Branch",855459386,"Edwards Branch",5.4,-8.1,-6.2,35.20175 -80.78577,""
CULVERT,T1,11191,1041569706,trunk,"East Independence Expressway","Edwards Branch",470946576,"Edwards Branch",7.1,-10.0,-8.7,35.20635 -80.79522,""
CULVERT,T1,11215,1042829295,motorway,"I-77","Steele Creek",1077689032,"Steele Creek",12.6,-10.4,-14.4,35.07081 -80.94926,""
CULVERT,T1,11236,1042834387,motorway,"I-77","Steele Creek",1077689032,"Steele Creek",10.4,-10.4,11.9,35.07064 -80.94912,""
CULVERT,T1,11250,1042945066,trunk,"East Independence Expressway","Edwards Branch",470946576,"Edwards Branch",3.5,-8.1,4.5,35.20624 -80.79553,""
CULVERT,T1,11527,1053330561,motorway,"I-485","McAlpine Creek Tributary 1",527708697,"",2.2,-8.6,-2.6,35.06532 -80.85104,""
CULVERT,T1,11527,1053330561,motorway,"I-485","McAlpine Creek Tributary 1A",527708699,"",2.4,-8.6,2.4,35.06534 -80.85231,""
CULVERT,T1,11706,1055330510,motorway,"I-485","McAlpine Creek Tributary 1",527708697,"",3.0,-8.6,3.5,35.06495 -80.85075,""
CULVERT,T1,11726,1055383312,primary,"Freedom Drive","Irwin Creek",836965986,"Irwin Creek",0.6,-5.2,-0.9,35.22572 -80.86787,""
CULVERT,T1,11778,1055677202,primary,"South Tryon Street","Coffey Creek",672572202,"Coffey Creek",0.4,-7.0,0.4,35.14565 -80.92687,""
CULVERT,T1,12074,1059870927,primary,"Wilkinson Boulevard","Paw Creek",42822980,"Paw Creek",2.4,-5.2,-2.5,35.24033 -80.97464,""
CULVERT,T1,12489,1072176597,primary_link,"","Dixon Branch",771524140,"Dixon Branch",4.1,-3.3,5.8,35.34863 -80.86238,""
CULVERT,T1,12793,1076061743,primary,"Providence Road","Four Mile Creek",973171830,"Fourmile Creek",0.7,-5.2,-0.8,35.08832 -80.77481,""
CULVERT,T1,12803,1076328291,primary,"Wilkinson Boulevard","Taggart Creek",695504399,"Taggart Creek",0.6,-7.0,-0.6,35.22939 -80.91707,""
CULVERT,T1,13053,1081824807,primary,"South Tryon Street","Walker Branch",672578588,"Walker Branch",2.0,-5.2,2.2,35.10527 -80.98359,""
CULVERT,T1,13260,1098119987,primary,"East 4th Street","Little Sugar Creek",215488718,"Little Sugar Creek",1.7,-8.8,-1.7,35.21731 -80.83374,""
CULVERT,T1,13435,1117808347,primary,"East 3rd Street","Little Sugar Creek",159022557,"Little Sugar Creek",1.4,-7.0,-1.4,35.21648 -80.83470,""
CULVERT,T1,13465,1118899798,motorway,"Brookshire Freeway","Stewart Creek",47598532,"Stewart Creek",0.6,-6.8,0.8,35.25361 -80.86509,""
CULVERT,T1,13939,1164446419,primary,"Providence Road","Briar Creek",1074592699,"Briar Creek",1.5,-5.2,-1.5,35.18277 -80.82015,""
CULVERT,T1,14012,1171918169,primary,"West W T Harris Boulevard","Doby Creek",700407552,"Doby Creek",10.3,-1.2,4.6,35.31256 -80.76014,""
CULVERT,T1,14150,1184170060,primary,"Steele Creek Road","Walker Branch",1012921725,"",2.4,-5.2,2.4,35.10926 -80.98790,""
CULVERT,T1,14762,1272580450,motorway,"I-85","Rocky River Tributary",766583738,"",0.6,-14.1,0.8,35.36184 -80.72017,""
CULVERT,T1,14883,1292967977,primary,"Statesville Road","Dixon Branch Tributary",1073438056,"",2.5,-5.1,0.7,35.35726 -80.84033,""
CULVERT,T1,14912,1296119902,primary,"South Tryon Street","Coffey Creek",672572202,"Coffey Creek",1.2,-5.2,1.2,35.14572 -80.92698,""
CULVERT,T1,15226,1341167750,motorway,"I-485","McAlpine Creek Tributary 1A",527708699,"",0.5,-10.4,0.5,35.06493 -80.85233,""
CULVERT,T1,15305,1344524608,primary,"West Morehead Street","Irwin Creek",1074515263,"Irwin Creek",1.4,-8.8,1.9,35.22887 -80.85995,""
CULVERT,T1,15423,1345025833,primary,"West W T Harris Boulevard","Mallard Creek",1095233532,"Mallard Creek",1.3,-5.2,1.3,35.32560 -80.78341,""
CULVERT,T1,15548,1346111162,primary,"North Tryon Street","Little Sugar Creek",703984083,"Little Sugar Creek",11.8,-12.5,12.4,35.25842 -80.79196,""
CULVERT,T1,15608,1346344098,primary,"South Tryon Street","Steele Creek",672578580,"Steele Creek",2.3,-5.2,-2.3,35.11937 -80.95320,""
CULVERT,T1,15695,1347252960,primary,"West W T Harris Boulevard","Dixon Branch",771524140,"Dixon Branch",2.7,-5.2,-3.9,35.34855 -80.86242,""
CULVERT,T1,15707,1347349569,primary,"South Tryon Street","Walker Branch",672578588,"Walker Branch",1.4,-5.2,-1.4,35.10515 -80.98349,""
CULVERT,T1,15759,1347918366,primary,"Providence Road","McMullen Creek",1075422894,"McMullen Creek",0.5,-5.2,-0.5,35.15991 -80.79960,""
CULVERT,T1,15761,1347918368,primary,"Providence Road","McMullen Creek",1075422894,"McMullen Creek",0.6,-5.2,0.7,35.15985 -80.79972,""
CULVERT,T1,15864,1349172440,primary,"Providence Road","McAlpine Creek Tributary 3",471004121,"",8.0,-7.0,8.3,35.11325 -80.77853,""
CULVERT,T1,16252,1359515911,primary,"Blair Road","Clear Creek Tributary",1071263449,"",8.8,-5.2,8.8,35.20393 -80.63303,""
CULVERT,T1,17520,1392252228,primary,"Rock Hill-Pineville Road","McCullough Branch",672958791,"McCullough Branch",1.1,-5.2,1.1,35.09068 -80.90688,""
CULVERT,T1,18496,1428962732,primary,"Providence Road","McAlpine Creek Tributary 3",471004121,"",7.5,-5.2,-7.8,35.11327 -80.77869,""
CULVERT,T1,18635,1435009204,primary,"Providence Road","Four Mile Creek",973171830,"Fourmile Creek",2.2,-5.2,-2.2,35.08839 -80.77470,""
CULVERT,T1,20060,1486182623,trunk,"Johnston Road","McAlpine Creek Tributary 1",527708696,"",3.3,-8.1,3.3,35.06278 -80.84704,""
CULVERT,T1,20642,1546936566,primary,"North Tryon Street","Derita Branch",264072164,"",0.7,-5.2,0.7,35.25204 -80.80978,""
CULVERT,T1,20785,1552871785,primary,"West W T Harris Boulevard","Mallard Creek",1095233532,"Mallard Creek",1.3,-5.2,-1.3,35.32560 -80.78321,""
CULVERT,T2,407,16662864,secondary,"Rea Road","McAlpine Creek Tributary 3",1075144995,"",2.2,-5.0,-2.2,35.11474 -80.78397,""
CULVERT,T2,415,16663239,secondary,"Cindy Lane","Kennedy Branch",624074961,"Kennedy Branch",0.3,-5.0,0.3,35.28374 -80.85137,""
CULVERT,T2,417,16663325,tertiary,"Tom Short Road","Flat Branch",918333835,"Flat Branch",3.9,-5.0,-4.3,35.05504 -80.79241,""
CULVERT,T2,454,16665256,secondary,"West Arrowood Road","Coffey Creek",672572200,"Coffey Creek",0.6,-5.0,-0.7,35.14776 -80.92788,""
CULVERT,T2,476,16666559,tertiary,"Truelight Church Road","Clear Creek Tributary",1075770856,"",3.1,-5.0,-3.1,35.20748 -80.64641,""
CULVERT,T2,546,16671087,tertiary,"North Hoskins Road","Stewart Creek",752338343,"Stewart Creek",0.3,-5.0,0.4,35.27605 -80.86700,""
CULVERT,T2,602,16677130,tertiary,"Jeff Adams Drive","Irwin Creek",703982314,"Irwin Creek",0.0,-5.0,0.0,35.27413 -80.82604,""
CULVERT,T2,631,16681072,tertiary,"Matheson Avenue","Little Sugar Creek",102449905,"Little Sugar Creek",0.6,-8.6,-0.7,35.24707 -80.81408,""
CULVERT,T2,659,16684512,tertiary,"Plott Road","Reedy Creek Tributary 3",41343317,"",2.6,-5.0,-2.6,35.24088 -80.71656,""
CULVERT,T2,662,16684702,tertiary,"East Reese Boulevard","Torrence Creek",831552072,"Torrence Creek",2.0,-5.0,3.2,35.39945 -80.85949,""
CULVERT,T2,695,16688069,tertiary,"Woodland Drive","Edwards Branch",1075557679,"Edwards Branch",0.2,-5.0,0.2,35.20257 -80.77694,""
CULVERT,T2,699,16688373,tertiary,"Sharon Road","Briar Creek",1083554901,"Briar Creek",0.1,-5.0,-0.1,35.17993 -80.82919,""
CULVERT,T2,734,16691802,tertiary,"Choate Circle","Polk Ditch",545777012,"",1.5,-6.8,-1.5,35.09774 -80.96203,""
CULVERT,T2,742,16692958,tertiary,"East 10th Street","Little Sugar Creek",552739184,"Little Sugar Creek",0.8,-3.1,-0.9,35.22484 -80.82850,""
CULVERT,T2,755,16694980,tertiary,"East Hebron Street","Kings Branch",1159907090,"Kings Branch",0.1,-5.0,-0.2,35.12748 -80.88557,""
CULVERT,T2,777,16697539,tertiary,"McLean Road","Back Creek",1112747456,"Back Creek",11.8,-5.0,-12.3,35.28867 -80.72244,""
CULVERT,T2,806,16700678,tertiary,"Old Potters Road","Mallard Creek",700406748,"Mallard Creek",1.6,-5.0,1.6,35.32263 -80.81215,""
CULVERT,T2,832,16701702,secondary,"Moores Chapel Road","Catawba River Tributary 1",42829291,"",0.6,-5.0,0.9,35.24946 -81.00222,""
CULVERT,T2,876,16705849,tertiary,"Mount Olive Church Road","Little Paw Creek",778622245,"Little Paw Creek",3.6,-5.0,-3.6,35.21055 -80.98321,""
CULVERT,T2,880,16706293,tertiary,"Carrier Drive","Stewart Creek Tributary 3",1073541533,"Stewart Creek Tributary 3",0.4,-5.0,-0.4,35.26847 -80.87017,""
CULVERT,T2,880,16706293,tertiary,"Carrier Drive","Stewart Creek",752338341,"Stewart Creek",2.7,-5.0,2.8,35.26933 -80.86570,""
CULVERT,T2,902,16708354,tertiary,"West Craighead Road","Derita Branch",703422521,"",0.3,-5.0,0.3,35.26458 -80.80500,""
CULVERT,T2,904,16708498,tertiary,"Colony Road","Briar Creek",1163119336,"",0.6,-5.0,-5.9,35.17394 -80.83312,""
CULVERT,T2,932,16711714,secondary,"Hubbard Road","Mallard Creek Tributary",847365522,"",0.6,-5.0,-0.6,35.32292 -80.79753,""
CULVERT,T2,976,16715510,tertiary,"Wynfield Creek Parkway","Torrence Creek Tributary 1",1073108388,"",2.4,-5.0,2.9,35.41194 -80.87961,""
CULVERT,T2,993,16717946,tertiary,"Kelly Road","Gutter Branch",1088855559,"Gutter Branch",0.4,-5.0,-0.4,35.31671 -80.91121,""
CULVERT,T2,995,16718026,tertiary,"Starita Road","Irwin Creek",703982318,"Irwin Creek",0.7,-5.0,0.7,35.27561 -80.82587,""
CULVERT,T2,1007,16720282,tertiary,"Four Mile Creek Road","Rocky Branch",970751326,"Rocky Branch",1.3,-5.0,-1.5,35.07744 -80.79193,""
CULVERT,T2,1136,36822138,secondary,"Gilead Road","",1392884479,"",0.2,-5.0,-0.2,35.40657 -80.89631,""
CULVERT,T2,1326,48684075,secondary,"East 12th Street","Little Sugar Creek",552739184,"Little Sugar Creek",2.4,-5.0,-6.8,35.22658 -80.82781,""
CULVERT,T2,1722,66213034,tertiary,"Plaza Road Extension","Reedy Creek",1077170032,"Reedy Creek",1.7,-6.8,-1.7,35.25629 -80.70063,""
CULVERT,T2,1750,66235762,secondary,"East Westinghouse Boulevard","Kings Branch",672435504,"Kings Branch",0.7,-8.6,0.8,35.11304 -80.89288,""
CULVERT,T2,2356,159022560,tertiary,"North Davidson Street","Little Sugar Creek",102449626,"Little Sugar Creek",1.2,-5.0,1.2,35.23714 -80.81825,""
CULVERT,T2,2940,182139472,secondary,"Mallard Creek Road","Stony Creek",436810457,"Stony Creek",1.5,-5.0,1.5,35.35360 -80.75772,""
CULVERT,T2,3057,200695685,tertiary,"John Price Road","Steele Creek",928920681,"Steele Creek",1.2,-5.0,-1.3,35.12371 -80.95297,""
CULVERT,T2,3093,204788624,tertiary,"IBM Drive","Doby Creek Tributary",700407549,"",11.8,-5.0,11.9,35.31362 -80.76407,""
CULVERT,T2,3100,204788631,tertiary,"IBM Drive","Doby Creek Tributary",700407549,"",12.9,-1.1,-9.5,35.31359 -80.76396,""
CULVERT,T2,3590,271886419,secondary,"Tyvola Road","Little Hope Creek",921788747,"Little Hope Creek",0.1,-5.0,-0.1,35.15671 -80.85285,""
CULVERT,T2,3593,271886422,secondary,"Tyvola Road","Little Hope Creek",921788747,"Little Hope Creek",0.1,-5.0,-0.1,35.15684 -80.85284,""
CULVERT,T2,3686,291034421,secondary,"Gilead Road","Torrence Creek Tributary 1",832829928,"",0.2,-5.0,-0.2,35.40422 -80.88119,""
CULVERT,T2,3790,322998374,secondary,"Fairview Road","McMullen Creek",933964228,"McMullen Creek",0.7,-6.8,-0.9,35.14746 -80.81256,""
CULVERT,T2,3793,322998379,tertiary,"Sharon View Road","Swan Run",1075129995,"",2.0,-5.0,2.0,35.12679 -80.79218,""
CULVERT,T2,3831,324871490,tertiary,"Ballantyne Corporate Place","McAlpine Creek Tributary 1A",527708702,"",1.4,-5.0,1.4,35.06193 -80.85183,""
CULVERT,T2,4138,366130416,secondary,"Central Avenue","Briar Creek",692890338,"Briar Creek",0.6,-8.6,0.6,35.21838 -80.79552,""
CULVERT,T2,4194,369312131,tertiary,"Berryhill Road","Stewart Creek Tributary 1",1074515268,"",3.9,-5.0,-4.0,35.23182 -80.87655,""
CULVERT,T2,4246,384343980,secondary,"Colony Road","McMullen Creek",933921993,"McMullen Creek",1.8,-8.6,1.8,35.14319 -80.81904,""
CULVERT,T2,4740,498382982,secondary,"Idlewild Road","McAlpine Creek",1075098423,"McAlpine Creek",2.0,-5.0,2.0,35.17594 -80.71956,""
CULVERT,T2,5136,550348815,tertiary,"Grand Palisades Parkway","Studman Branch",550348820,"Studman Branch",11.5,-5.0,12.0,35.08588 -81.02862,""
CULVERT,T2,5431,579035677,secondary,"Northlake Centre Parkway","Dixon Branch",771510477,"Dixon Branch",3.1,-6.8,3.3,35.35444 -80.85631,""
CULVERT,T2,5446,579470296,tertiary,"West 5th Street","Irwin Creek",47601815,"Irwin Creek",0.5,-5.0,0.5,35.23710 -80.85330,""
CULVERT,T2,5449,579470299,tertiary,"West 5th Street","Irwin Creek",47601815,"Irwin Creek",2.2,-3.1,-2.2,35.23701 -80.85337,""
CULVERT,T2,5517,586351716,secondary,"Tuckaseegee Road","Stewart Creek",985871922,"Stewart Creek",1.1,-5.0,1.2,35.23676 -80.86640,""
CULVERT,T2,5527,588205330,tertiary,"East 36th Street","Little Sugar Creek",1074549265,"Little Sugar Creek",1.8,-5.0,-1.9,35.25078 -80.80694,""
CULVERT,T2,5599,598129748,secondary,"Tilley Morris Road","Six Mile Creek",1076894625,"Sixmile Creek",2.1,-5.0,2.2,35.05930 -80.75152,""
CULVERT,T2,5634,604236394,secondary,"The Plaza","Briar Creek",727746651,"Brier Creek",3.9,-5.0,-3.9,35.25110 -80.75778,""
CULVERT,T2,5713,612084411,secondary,"Ardrey Kell Road","Flat Branch",612084407,"Flat Branch",1.6,-5.0,2.0,35.03327 -80.80299,""
CULVERT,T2,5735,620839888,secondary,"The Plaza","Briar Creek",727746651,"Brier Creek",4.1,-5.0,4.1,35.25100 -80.75783,""
CULVERT,T2,6019,648248499,secondary,"East 10th Street","Little Sugar Creek",552739184,"Little Sugar Creek",0.1,-5.0,-0.1,35.22474 -80.82853,""
CULVERT,T2,6036,648248507,secondary,"Parkwood Avenue","Little Sugar Creek",537162220,"Little Sugar Creek",1.6,-6.8,1.6,35.23500 -80.82015,""
CULVERT,T2,6038,648248521,tertiary,"Montana Drive","Stewart Creek Tributary 3",1073541533,"Stewart Creek Tributary 3",1.4,-5.0,-1.4,35.26791 -80.86994,""
CULVERT,T2,6038,648248521,tertiary,"Montana Drive","Stewart Creek",752338341,"Stewart Creek",,,,35.26870 -80.86593,"on the same fill as the piped crossing of e3542 (within 25 m on the creek)"
CULVERT,T2,6144,648281515,tertiary,"Toddville Road","Paw Creek",1084463851,"Paw Creek",6.2,-5.0,-8.2,35.25559 -80.92719,""
CULVERT,T2,6536,648860898,secondary,"University City Boulevard","Doby Creek",851614155,"Doby Creek",2.6,-5.0,-2.6,35.29259 -80.77334,""
CULVERT,T2,6556,648860920,secondary,"Northlake Centre Parkway","Dixon Branch",771510477,"Dixon Branch",4.6,-5.0,-5.0,35.35449 -80.85613,""
CULVERT,T2,6739,648895474,tertiary,"Reese Boulevard West","Torrence Creek",831552069,"Torrence Creek",0.2,-6.8,-0.2,35.40000 -80.86422,""
CULVERT,T2,6944,651632163,secondary,"Idlewild Road","North Fork Crooked Creek",651632202,"North Fork Crooked Creek",1.5,-6.8,1.5,35.10394 -80.63194,""
CULVERT,T2,7081,675120439,tertiary,"Belmont Avenue","Little Sugar Creek",264069346,"Little Sugar Creek",2.1,-5.0,-2.3,35.22940 -80.82370,""
CULVERT,T2,7222,686378673,tertiary,"Denbur Drive","McKee Creek",1075589132,"McKee Creek",1.4,-5.0,1.4,35.22455 -80.66690,""
CULVERT,T2,7363,708700571,secondary,"Lawyers Road","Goose Creek",1074913964,"Goose Creek",9.7,-5.0,10.1,35.14900 -80.63527,""
CULVERT,T2,7571,746956417,tertiary,"Rozzelles Ferry Road","Stewart Creek",874949427,"Stewart Creek",1.0,-6.8,-1.0,35.24732 -80.86865,""
CULVERT,T2,7784,750665952,tertiary,"Valleydale Road","Gum Branch",1073541560,"Gum Branch",1.9,-5.0,-1.9,35.29854 -80.93459,""
CULVERT,T2,7921,755815786,tertiary,"Robinson Church Road","Back Creek",391131049,"Back Creek",10.0,-5.0,10.0,35.31358 -80.65252,""
CULVERT,T2,7926,755914976,secondary,"Lawyers Road","Irvins Creek Tributary 2",1074829551,"",1.6,-5.0,-1.6,35.17948 -80.67685,""
CULVERT,T2,7998,764678935,secondary,"Oakdale Road","Gutter Branch",1088855557,"Gutter Branch",1.9,-5.0,2.0,35.31613 -80.90181,""
CULVERT,T2,8240,779001777,tertiary,"Gum Branch Road","Long Creek Tributary 3",1073543892,"",2.0,-5.0,-2.1,35.30011 -80.95560,""
CULVERT,T2,8457,836481922,secondary,"Randolph Road","McMullen Creek",1074603231,"McMullen Creek",1.1,-5.0,1.1,35.16443 -80.79286,""
CULVERT,T2,8781,839701984,secondary,"Lakeview Road","Long Creek",839701992,"Long Creek",0.2,-5.0,-0.2,35.33469 -80.84442,""
CULVERT,T2,8901,840377960,secondary,"Mount Holly-Huntersville Road","Torrence Creek",840378000,"Torrence Creek",0.4,-5.0,0.4,35.39284 -80.85342,""
CULVERT,T2,8990,856053087,secondary,"Reames Road","Long Creek",839701943,"Long Creek",0.3,-3.1,0.3,35.34418 -80.85794,""
CULVERT,T2,8993,856093614,secondary,"Beatties Ford Road","Gar Creek",1298248139,"Gar Creek",1.1,-5.0,1.2,35.36147 -80.89750,""
CULVERT,T2,9142,865830829,tertiary,"David Taylor Drive","Mallard Creek",855407384,"Mallard Creek",0.6,-5.0,0.7,35.32128 -80.75581,""
CULVERT,T2,9267,874959114,secondary,"Elizabeth Avenue","Little Sugar Creek",552711340,"Little Sugar Creek",0.6,-8.6,-0.6,35.21825 -80.83222,""
CULVERT,T2,9602,973171828,tertiary,"Raintree Lane","Four Mile Creek",1299145788,"Fourmile Creek",2.4,-5.0,2.4,35.08600 -80.78558,""
CULVERT,T2,10280,1008792539,tertiary,"Morris Field Drive","Taggart Creek",480798102,"Taggart Creek",2.7,-4.0,1.8,35.21559 -80.92320,""
CULVERT,T2,10679,1026997562,tertiary,"Sardis Road North","Irvins Creek Tributary 1",713682684,"",0.2,-5.0,0.2,35.14418 -80.72945,""
CULVERT,T2,10936,1032022240,tertiary,"Sardis Road North","Irvins Creek Tributary 1",713682684,"",0.2,-5.0,-0.2,35.14428 -80.72950,""
CULVERT,T2,11207,1042587160,secondary,"Reames Road","Long Creek",839701943,"Long Creek",0.0,-5.0,0.0,35.34414 -80.85782,""
CULVERT,T2,11625,1054260029,tertiary,"Johnson Alumni Way","Toby Creek",846982117,"Toby Creek",0.3,-5.0,-0.4,35.30205 -80.74132,""
CULVERT,T2,11922,1059305431,secondary,"West Arrowood Road","Coffey Creek",672572200,"Coffey Creek",0.1,-5.0,0.1,35.14762 -80.92786,""
CULVERT,T2,12481,1071846232,secondary,"Fairview Road","McMullen Creek",933964228,"McMullen Creek",0.7,-5.0,0.9,35.14733 -80.81268,""
CULVERT,T2,13028,1080686896,tertiary,"Highland Creek Parkway","Clarke Creek Tributary",436920495,"",5.7,-5.0,-5.7,35.38352 -80.75422,""
CULVERT,T2,13210,1091103008,tertiary,"University Pointe Boulevard","Doby Creek",557496196,"Doby Creek",5.3,-6.8,5.3,35.30096 -80.76603,""
CULVERT,T2,14058,1177770765,secondary,"Beatties Ford Road","McIntyre Creek",1088849575,"McIntyre Creek",2.2,-5.0,-2.2,35.31923 -80.86485,""
CULVERT,T2,14237,1219617328,tertiary,"Caldwell Ridge Parkway","Back Creek Tributary",908266877,"",3.2,-5.0,3.4,35.29729 -80.69003,""
CULVERT,T2,14487,1250123612,tertiary,"Colony Road","Briar Creek Tributary 1",674559010,"",0.6,-5.0,-0.7,35.16864 -80.83071,""
CULVERT,T2,16220,1356810106,secondary,"Lancaster Highway","Clems Branch",47597318,"Clems Branch",0.2,-5.0,0.2,35.03329 -80.85505,""
CULVERT,T2,17023,1382750609,secondary,"East Arrowood Road","Kings Branch",1076678334,"Kings Branch",0.8,-6.8,0.8,35.13684 -80.88618,""
CULVERT,T2,17191,1384492887,secondary,"West Sugar Creek Road","Clarks Creek Tributary 1",851621306,"",2.9,-2.2,0.1,35.34754 -80.79576,""
CULVERT,T2,17258,1385062870,tertiary,"Sardis Road North","Sardis Branch",1075107639,"",0.3,-6.8,-0.3,35.13307 -80.76162,""
CULVERT,T2,17300,1386355076,secondary,"South Trade Street","Four Mile Creek",779716349,"Fourmile Creek",2.9,-8.6,-2.9,35.10223 -80.72974,""
CULVERT,T2,17396,1390596026,tertiary,"Byrum Drive","Coffey Creek",1074273661,"Coffey Creek",0.2,-5.0,0.2,35.19287 -80.94397,""
CULVERT,T2,17562,1392520477,secondary,"Lawyers Road","McAlpine Creek",470952668,"McAlpine Creek",0.7,-5.0,-0.7,35.19265 -80.70516,""
CULVERT,T2,17833,1412123588,secondary,"Sam Newell Road","Irvins Creek Tributary 1",1072097571,"",0.1,-6.8,-0.1,35.13430 -80.71738,""
CULVERT,T2,17892,1414004590,secondary,"Westinghouse Boulevard","Steele Creek",557192371,"Steele Creek",0.7,-5.0,-1.1,35.13251 -80.95681,""
CULVERT,T2,17983,1415371073,secondary,"University City Boulevard","Doby Creek",851614155,"Doby Creek",7.2,-5.0,7.2,35.29245 -80.77349,""
CULVERT,T2,18385,1424757391,secondary,"Gilead Road","Torrence Creek Tributary 2",831561224,"",4.7,-5.0,4.7,35.40578 -80.87325,""
CULVERT,T2,18898,1442848687,tertiary,"IBM Drive","Doby Creek Tributary",908252667,"",3.9,-6.8,-3.9,35.30792 -80.77665,""
CULVERT,T2,18992,1444251233,tertiary,"Rocky River Road West","Toby Creek",691299679,"Toby Creek",1.2,-5.0,1.2,35.28339 -80.74817,""
CULVERT,T2,19213,1446283010,tertiary,"Capps Hill Mine Road","Stewart Creek",752338349,"Stewart Creek",0.0,-5.0,0.0,35.28949 -80.86679,""
CULVERT,T2,19428,1451530327,tertiary,"Highland Creek Parkway","Clarke Creek Tributary",436920495,"",2.3,-5.0,2.3,35.38344 -80.75428,""
CULVERT,T2,19505,1453563324,secondary,"Ardrey Kell Road","Flat Branch",612084407,"Flat Branch",1.7,-5.0,-1.7,35.03331 -80.80297,""
CULVERT,T2,19777,1463849574,tertiary,"Caldwell Road","Back Creek",391131050,"Back Creek",12.3,-5.0,12.9,35.30933 -80.67366,""
CULVERT,T2,19972,1480020097,tertiary,"Dixie River Road","Beaverdam Creek Tributary",1084099616,"Beaverdam Creek",0.2,-5.0,-0.2,35.17263 -80.98574,""
CULVERT,T2,20028,1482131883,tertiary,"McIlwaine Road","McDowell Creek Tributary 1",1031538175,"",3.1,-5.0,3.1,35.38881 -80.91926,""
CULVERT,T2,20091,1490309185,secondary,"East John Street","Four Mile Creek",700594475,"",2.3,-5.0,-2.4,35.10577 -80.71186,""
CULVERT,T2,20098,1490309186,secondary,"East John Street","Four Mile Creek",700594475,"",2.1,-5.0,2.1,35.10585 -80.71171,""
CULVERT,T3,20986,16664819,local,"Wellingford Street","Little Sugar Creek",264072148,"Little Sugar Creek",0.5,-4.9,-0.5,35.26111 -80.79013,""
CULVERT,T3,21741,16680043,local,"Coronet Way","Stewart Creek Tributary 2",47617256,"Stewart Creek",0.2,-4.9,0.2,35.24886 -80.87237,""
CULVERT,T3,24178,874840917,local,"State Street","Stewart Creek",586351712,"Stewart Creek",0.3,-4.9,-0.3,35.24021 -80.86812,""
BRIDGE,T1,2296,158903890,primary,"Eastway Drive","Edwards Branch",855459386,"Edwards Branch",0.5,,,35.20190 -80.78625,"the road is tagged bridge=yes (OSM says a bridge)"
BRIDGE,T1,2297,158903891,primary,"Eastway Drive","Edwards Branch",855459386,"Edwards Branch",0.7,,,35.20192 -80.78642,"the road is tagged bridge=yes (OSM says a bridge)"
BRIDGE,T1,13847,1155030321,trunk,"East Independence Expressway","Edwards Branch",855459386,"Edwards Branch",14.3,4.8,,35.20205 -80.78681,"the culvert line (way 855459386) passes 4.8 m outside the road's ribbon within 15 m of the creek (needs 3 m)"
BRIDGE,T2,2336,159022539,secondary,"East 7th Street","Little Sugar Creek",552739187,"Little Sugar Creek",6.3,,,35.22121 -80.82991,"the road is tagged bridge=yes (OSM says a bridge)"
BRIDGE,T2,2419,159072270,secondary,"West Tyvola Road","Taggart Creek",765236966,"",8.0,,,35.19435 -80.91812,"the road is tagged bridge=yes (OSM says a bridge)"
BRIDGE,T2,9486,933921988,tertiary,"Sharon View Road","McMullen Creek",1159645339,"McMullen Creek",2.5,,,35.14103 -80.82000,"the road is tagged bridge=yes (OSM says a bridge)"
BRIDGE,T2,11614,1054113139,tertiary,"Phillips Road","Toby Creek",846981036,"",11.3,,,35.30784 -80.73798,"the road is tagged bridge=yes (OSM says a bridge)"
BRIDGE,T2,12632,1074944305,secondary,"Idlewild Road","Irvins Creek",1098075322,"Irvins Creek",1.7,,,35.16102 -80.69963,"the road is tagged bridge=yes (OSM says a bridge)"
