why,a,b,wayA,wayB,union,G,gap,gapMin,overlap,tier,class,kind,outlineA,outlineB,culvert,a0,a1,b0,b1,why,latlon
UNION by rule, gap over 3.05 m,119,4086,16569184,353081580,1,9.1,4.317,4.101,56,2,secondary,dual-carriageway,,,0,3.0,57.3,1.0,55.5,"rule G=9.1",35.25723 -81.02682
separate, within 1 m of G,250,2029,16662016,120108305,0,3.05,3.558,2.188,42,1,motorway,ramp+mainline,,,0,13.1,55.0,15.0,57.0,"rule G=3.05",35.22464 -80.86118
UNION by rule, gap over 3.05 m,554,1175,16671939,38582400,1,6.1,3.393,3.203,40,1,trunk,dual-carriageway,,,0,2.2,41.0,2.3,41.0,"rule G=6.1",35.23829 -80.91983
UNION by rule, gap over 3.05 m,1138,4087,38572097,353081581,1,9.1,4.213,4.120,18,2,secondary,dual-carriageway,,,0,2.7,19.0,2.6,19.0,"rule G=9.1",35.25688 -81.02680
UNION by rule, gap over 3.05 m,1142,1143,38572103,38572106,1,6.1,6.076,5.568,38,1,motorway,dual-carriageway,,,0,1.0,37.0,0.3,36.4,"rule G=6.1",35.24870 -80.96744
UNION by rule, gap over 3.05 m,1167,1170,38572136,38572139,1,6.1,4.615,4.175,98,1,motorway,dual-carriageway,,,0,17.0,113.7,1.0,97.5,"rule G=6.1",35.24134 -80.93888
separate, within 1 m of G,1176,1177,38582401,38582402,0,6.1,7.034,6.886,40,1,trunk,dual-carriageway,,,0,2.2,41.0,2.2,41.0,"rule G=6.1",35.23865 -80.91974
UNION by rule, gap over 3.05 m,1210,1212,38582456,38582459,1,9.1,3.422,3.356,70,1,primary,dual-carriageway,,,0,3.0,72.0,3.0,71.8,"rule G=9.1",35.29117 -80.76926
UNION by rule, gap over 3.05 m,1216,3136,38582462,204788686,1,9.1,5.781,5.517,92,1,primary,dual-carriageway,,,0,0.3,89.9,1.0,91.0,"rule G=9.1",35.31183 -80.75866
UNION by rule, gap over 3.05 m,1254,1256,40153335,40153337,1,6.1,4.511,3.371,66,1,motorway,dual-carriageway,,,0,1.0,65.0,0.4,64.2,"rule G=6.1",35.23585 -80.85586
UNION by rule, gap over 3.05 m,1265,4115,41121036,365850839,1,9.1,3.986,3.973,32,2,secondary,dual-carriageway,,,0,0.7,31.0,38.2,69.0,"rule G=9.1",35.40212 -80.69853
UNION by rule, gap over 3.05 m,1351,5084,49589368,545164014,1,9.1,6.801,6.556,76,1,primary,dual-carriageway,,,0,2.2,76.1,1.0,75.0,"rule G=9.1",35.16691 -80.96558
UNION by rule, gap over 3.05 m,1622,1624,62106029,62106032,1,6.1,3.559,3.497,40,1,motorway,dual-carriageway,,,0,9.0,47.1,9.0,47.1,"rule G=6.1",35.24527 -80.95850
UNION by rule, gap over 3.05 m,1652,1655,65996427,65996466,1,9.1,8.464,8.331,52,1,primary,dual-carriageway,,,0,0.9,51.0,1.0,51.0,"rule G=9.1",35.31829 -80.73741
UNION by rule, gap over 3.05 m,1669,7093,66000258,676112680,1,9.1,3.320,3.232,76,1,primary,dual-carriageway,,,0,1.0,75.1,1.0,75.1,"rule G=9.1",35.35934 -80.67532
UNION by rule, gap over 3.05 m,1733,1735,66224165,66224167,1,9.1,5.270,5.138,52,2,secondary,dual-carriageway,,,0,1.0,52.3,9.0,59.8,"rule G=9.1",35.25319 -80.65453
UNION by rule, gap over 3.05 m,1735,12343,66224167,1068112998,1,9.1,8.995,8.820,34,2,secondary,dual-carriageway,,,0,61.0,93.0,6.9,39.2,"rule G=9.1",35.25285 -80.65480
separate, within 1 m of G,1786,1787,66256407,66256409,0,6.1,6.419,6.089,66,1,trunk,dual-carriageway,,,0,0.6,65.0,0.7,65.0,"rule G=6.1",35.06522 -80.84575
UNION by rule, gap over 3.05 m,1828,4623,94593741,459445516,1,9.1,3.419,3.325,76,2,secondary,dual-carriageway,,,0,5.0,80.6,9.0,84.6,"rule G=9.1",35.06398 -80.81576
UNION by rule, gap over 3.05 m,2026,2029,120108302,120108305,1,6.1,3.843,3.695,24,1,motorway,dual-carriageway,,,0,35.1,56.8,17.0,39.0,"rule G=6.1",35.22461 -80.86109
separate, within 1 m of G,2327,2330,159022530,159022533,0,6.1,7.059,6.841,48,1,motorway,dual-carriageway,,,0,1.0,47.4,1.0,47.0,"rule G=6.1",35.21774 -80.81567
UNION by rule, gap over 3.05 m,2386,2387,159072205,159072206,1,6.1,4.394,3.520,62,1,trunk,dual-carriageway,,,0,25.0,86.0,1.0,61.8,"rule G=6.1",35.18114 -80.89048
UNION by rule, gap over 3.05 m,2386,12159,159072205,1061609938,1,6.1,5.150,5.087,26,1,trunk,dual-carriageway,,,0,0.0,24.1,1.0,25.0,"rule G=6.1",35.18101 -80.89002
UNION by rule, gap over 3.05 m,2392,2394,159072214,159072216,1,6.1,3.708,3.684,52,1,trunk,dual-carriageway,,,0,2.2,53.0,0.2,51.0,"rule G=6.1",35.15983 -80.73636
UNION by rule, gap over 3.05 m,2431,3828,159200932,324317703,1,9.1,4.679,4.388,74,2,tertiary,dual-carriageway,,,0,0.9,73.0,0.8,73.0,"rule G=9.1",35.37771 -80.83034
UNION by rule, gap over 3.05 m,2439,5524,169185536,588027105,1,9.1,5.914,5.900,54,2,secondary,dual-carriageway,,,0,1.0,53.4,1.0,53.4,"rule G=9.1",35.31995 -80.73175
UNION by rule, gap over 3.05 m,2773,2774,172471707,172471708,1,9.1,3.993,3.875,40,2,secondary,dual-carriageway,,,0,1.0,39.0,0.8,39.2,"rule G=9.1",35.20477 -80.89347
UNION by rule, gap over 3.05 m,2781,2783,172473104,172473106,1,9.1,7.354,7.291,30,2,secondary,dual-carriageway,,,0,0.9,29.6,1.0,29.0,"rule G=9.1",35.21339 -80.87648
UNION by rule, gap over 3.05 m,2955,3311,184071819,215490404,1,9.1,8.808,8.606,40,1,primary,dual-carriageway,,,0,1.0,39.0,2.2,41.8,"rule G=9.1",35.12289 -80.72553
UNION by rule, gap over 3.05 m,3011,3014,194438619,194438623,1,9.1,3.130,2.833,98,2,secondary,dual-carriageway,,,0,3.0,101.0,0.3,101.8,"rule G=9.1",35.37289 -80.70572
UNION by rule, gap over 3.05 m,3234,3235,205585495,205585496,1,9.1,5.381,5.250,40,2,secondary,dual-carriageway,,,0,6.6,45.0,6.5,45.0,"rule G=9.1",35.17808 -80.73527
UNION by rule, gap over 3.05 m,3281,3282,212225142,212225145,1,6.1,5.766,5.488,46,1,trunk,dual-carriageway,,,0,1.0,45.5,1.0,45.3,"rule G=6.1",35.21099 -80.66254
UNION by rule, gap over 3.05 m,3358,8288,240074350,791634480,1,9.1,6.134,6.014,46,2,secondary,dual-carriageway,,,0,0.5,45.0,0.5,45.0,"rule G=9.1",35.08980 -80.85404
UNION by rule, gap over 3.05 m,3633,3634,272969923,272969924,1,9.1,6.278,6.079,42,1,primary,dual-carriageway,,,0,1.0,42.1,1.0,42.0,"rule G=9.1",35.03636 -80.76763
UNION by rule, gap over 3.05 m,3707,3949,297810913,326565808,1,9.1,6.786,6.714,42,2,tertiary,dual-carriageway,,,0,0.7,41.0,0.7,41.0,"rule G=9.1",35.14218 -80.73322
UNION by rule, gap over 3.05 m,3908,3912,326220607,326220611,1,9.1,6.893,6.403,92,2,secondary,dual-carriageway,,,0,1.0,92.0,1.0,91.4,"rule G=9.1",35.35999 -80.75205
UNION by rule, gap over 3.05 m,4115,4343,365850839,402174182,1,9.1,4.215,4.008,38,2,secondary,dual-carriageway,,,0,0.8,36.1,1.0,37.0,"rule G=9.1",35.40187 -80.69822
UNION by rule, gap over 3.05 m,4133,4135,366048110,366048112,1,9.1,5.808,5.079,92,2,secondary,dual-carriageway,,,0,0.5,87.0,0.5,91.0,"rule G=9.1",35.36198 -80.69588
separate, within 1 m of G,4627,4629,459473829,459473832,0,9.1,10.022,9.939,22,2,secondary,dual-carriageway,,,0,4.8,27.0,10.1,31.0,"rule G=9.1",35.07630 -80.81688
UNION by rule, gap over 3.05 m,4681,4683,475164378,475164380,1,9.1,4.643,4.129,68,2,secondary,dual-carriageway,,,0,0.3,67.0,0.6,67.0,"rule G=9.1",35.33218 -80.74421
UNION by rule, gap over 3.05 m,4715,5582,493245238,597403827,1,9.1,7.134,7.005,24,2,tertiary,dual-carriageway,,,0,0.3,23.0,0.7,23.0,"rule G=9.1",35.34524 -80.68270
UNION by rule, gap over 3.05 m,8284,8947,789085647,851861268,1,9.1,6.073,5.341,84,2,secondary,dual-carriageway,,,0,7.3,91.0,3.9,89.0,"rule G=9.1",35.38304 -80.72161
UNION by rule, gap over 3.05 m,8626,16392,837692046,1365984898,1,9.1,3.247,2.899,16,2,secondary,dual-carriageway,,,0,62.0,76.0,21.0,35.0,"rule G=9.1",35.26117 -80.83937
UNION by rule, gap over 3.05 m,12727,12729,1075807559,1075807561,1,9.1,3.556,3.339,50,2,secondary,dual-carriageway,,,0,1.0,49.4,1.0,49.4,"rule G=9.1",35.10175 -80.80861
UNION by rule, gap over 3.05 m,12963,12967,1079342990,1079342992,1,9.1,6.677,6.601,48,1,primary,dual-carriageway,,,0,1.0,47.0,0.1,46.1,"rule G=9.1",35.37617 -80.65925
UNION by rule, gap over 3.05 m,14070,14072,1177994635,1177994637,1,9.1,4.924,4.686,22,1,primary,dual-carriageway,,,0,7.0,27.0,0.1,20.1,"rule G=9.1",35.21774 -80.87256
